StratIndex,Probability
134,0.53
135,0.53
136,0.54
137,0.56
138,0.57
139,0.57
140,0.68
141,0.69
142,0.64
143,0.64
144,0.67
145,0.60
146,0.57
147,0.57
148,1.00
149,1.00
150,1.00
151,1.00
152,0.67
153,0.60
154,0.57
155,0.57
156,1.00
157,1.00
158,1.00
159,1.00
164,1.00
228,1.00
386,0.51
387,0.52
390,0.55
391,0.55
392,0.67
393,0.67
394,0.63
395,0.64
396,0.75
397,0.67
398,0.67
399,0.67
400,1.00
401,1.00
402,1.00
403,1.00
404,1.00
405,1.00
406,1.00
407,1.00
408,1.00
409,1.00
410,1.00
411,1.00
412,1.00
413,1.00
414,1.00
415,1.00
448,0.60
449,0.67
450,1.00
451,1.00
524,0.54
525,0.50
526,0.53
527,0.53
528,0.67
529,0.64
530,0.55
531,0.55
532,0.75
533,0.75
536,0.67
537,0.64
538,0.55
539,0.55
540,0.75
541,0.75
581,0.63
582,0.63
583,0.63
592,0.60
600,0.60
646,0.54
647,0.53
648,0.58
649,0.60
650,0.59
651,0.59
652,0.75
653,0.73
654,0.67
655,0.67
656,0.75
657,0.67
658,0.60
659,0.60
660,1.00
661,1.00
662,1.00
663,1.00
664,0.75
665,0.67
666,0.60
667,0.60
668,1.00
669,1.00
670,1.00
671,1.00
708,1.00
776,0.51
778,0.51
779,0.50
780,0.62
781,0.56
782,0.59
783,0.59
784,0.81
785,0.60
786,0.67
787,0.67
788,0.78
789,0.67
792,0.81
793,0.60
794,0.67
795,0.67
796,0.78
797,0.67
833,1.00
834,1.00
835,1.00
836,0.56
837,1.00
838,1.00
839,1.00
840,1.00
841,1.00
842,1.00
843,1.00
844,1.00
845,1.00
846,1.00
847,1.00
898,0.52
899,0.52
902,0.60
903,0.60
904,0.64
905,0.64
906,0.61
907,0.61
908,0.80
909,0.75
910,0.75
911,0.75
912,1.00
913,1.00
914,1.00
915,1.00
916,1.00
917,1.00
918,1.00
919,1.00
920,1.00
921,1.00
922,1.00
923,1.00
924,1.00
925,1.00
926,1.00
927,1.00
1544,1.00
1548,1.00
1552,1.00
1556,1.00
1560,1.00
1564,1.00
1800,1.00
1804,1.00
1808,1.00
1812,1.00
1816,1.00
1820,1.00
2182,0.53
2183,0.53
2184,0.53
2185,0.55
2186,0.57
2187,0.57
2188,0.68
2189,0.69
2190,0.64
2191,0.64
2192,0.74
2193,0.75
2194,0.80
2195,0.80
2196,1.00
2197,1.00
2198,1.00
2199,1.00
2200,0.74
2201,0.75
2202,0.80
2203,0.80
2204,1.00
2205,1.00
2206,1.00
2207,1.00
2212,1.00
2276,1.00
2434,0.51
2435,0.52
2438,0.55
2439,0.55
2440,0.67
2441,0.67
2442,0.63
2443,0.64
2444,0.75
2445,0.67
2446,0.67
2447,0.67
2448,1.00
2449,1.00
2450,1.00
2451,1.00
2452,1.00
2453,1.00
2454,1.00
2455,1.00
2456,1.00
2457,1.00
2458,1.00
2459,1.00
2460,1.00
2461,1.00
2462,1.00
2463,1.00
2496,0.60
2497,0.67
2498,1.00
2499,1.00
2572,0.53
2574,0.52
2575,0.52
2576,0.69
2577,0.72
2578,0.65
2579,0.65
2580,0.75
2581,0.75
2584,0.69
2585,0.72
2586,0.65
2587,0.65
2588,0.75
2589,0.75
2629,0.63
2630,0.63
2631,0.63
2640,0.60
2648,0.60
2694,0.54
2695,0.53
2696,0.58
2697,0.60
2698,0.58
2699,0.58
2700,0.75
2701,0.73
2702,0.67
2703,0.67
2704,0.90
2705,1.00
2706,1.00
2707,1.00
2708,1.00
2709,1.00
2710,1.00
2711,1.00
2712,0.90
2713,1.00
2714,1.00
2715,1.00
2716,1.00
2717,1.00
2718,1.00
2719,1.00
2756,1.00
2824,0.51
2826,0.51
2827,0.50
2828,0.62
2829,0.56
2830,0.59
2831,0.59
2832,0.81
2833,0.60
2834,0.67
2835,0.67
2836,0.78
2837,0.67
2840,0.81
2841,0.60
2842,0.67
2843,0.67
2844,0.78
2845,0.67
2881,1.00
2882,1.00
2883,1.00
2884,0.56
2885,1.00
2886,1.00
2887,1.00
2888,1.00
2889,1.00
2890,1.00
2891,1.00
2892,1.00
2893,1.00
2894,1.00
2895,1.00
2946,0.52
2947,0.52
2950,0.60
2951,0.60
2952,0.64
2953,0.64
2954,0.61
2955,0.61
2956,0.80
2957,0.75
2958,0.75
2959,0.75
2960,1.00
2961,1.00
2962,1.00
2963,1.00
2964,1.00
2965,1.00
2966,1.00
2967,1.00
2968,1.00
2969,1.00
2970,1.00
2971,1.00
2972,1.00
2973,1.00
2974,1.00
2975,1.00
3592,1.00
3596,1.00
3600,1.00
3604,1.00
3608,1.00
3612,1.00
3848,1.00
3852,1.00
3856,1.00
3860,1.00
3864,1.00
3868,1.00
4226,0.52
4227,0.52
4230,0.54
4231,0.54
4232,0.78
4233,0.67
4234,0.67
4235,0.67
4236,1.00
4237,1.00
4238,1.00
4239,1.00
4240,1.00
4241,1.00
4242,1.00
4243,1.00
4244,1.00
4245,1.00
4246,1.00
4247,1.00
4248,1.00
4249,1.00
4250,1.00
4251,1.00
4252,1.00
4253,1.00
4254,1.00
4255,1.00
4482,0.52
4483,0.52
4486,0.54
4487,0.54
4488,0.78
4489,0.67
4490,0.67
4491,0.67
4492,1.00
4493,1.00
4494,1.00
4495,1.00
4496,1.00
4497,1.00
4498,1.00
4499,1.00
4500,1.00
4501,1.00
4502,1.00
4503,1.00
4504,1.00
4505,1.00
4506,1.00
4507,1.00
4508,1.00
4509,1.00
4510,1.00
4511,1.00
4614,0.51
4615,0.50
4618,0.51
4619,0.51
4620,0.62
4621,0.58
4622,0.61
4623,0.61
4624,0.80
4625,0.75
4626,0.67
4627,0.67
4628,0.70
4629,0.67
4632,0.80
4633,0.75
4634,0.67
4635,0.67
4636,0.70
4637,0.67
4673,1.00
4674,1.00
4675,1.00
4676,0.56
4677,1.00
4678,1.00
4679,1.00
4680,1.00
4681,1.00
4682,1.00
4683,1.00
4684,1.00
4685,1.00
4686,1.00
4687,1.00
4738,0.60
4739,0.60
4741,0.52
4742,0.64
4743,0.64
4744,0.75
4745,0.67
4746,0.67
4747,0.67
4748,1.00
4749,1.00
4750,1.00
4751,1.00
4752,1.00
4753,1.00
4754,1.00
4755,1.00
4756,1.00
4757,1.00
4758,1.00
4759,1.00
4760,1.00
4761,1.00
4762,1.00
4763,1.00
4764,1.00
4765,1.00
4766,1.00
4767,1.00
4870,0.51
4872,0.50
4874,0.51
4875,0.51
4876,0.63
4877,0.57
4878,0.61
4879,0.61
4880,0.85
4881,0.75
4882,0.67
4883,0.67
4884,0.75
4885,0.67
4888,0.85
4889,0.75
4890,0.67
4891,0.67
4892,0.75
4893,0.67
4929,1.00
4930,1.00
4931,1.00
4932,0.56
4933,1.00
4934,1.00
4935,1.00
4936,1.00
4937,1.00
4938,1.00
4939,1.00
4940,1.00
4941,1.00
4942,1.00
4943,1.00
4994,0.60
4995,0.60
4997,0.52
4998,0.64
4999,0.64
5000,0.75
5001,0.67
5002,0.67
5003,0.67
5004,1.00
5005,1.00
5006,1.00
5007,1.00
5008,1.00
5009,1.00
5010,1.00
5011,1.00
5012,1.00
5013,1.00
5014,1.00
5015,1.00
5016,1.00
5017,1.00
5018,1.00
5019,1.00
5020,1.00
5021,1.00
5022,1.00
5023,1.00
5640,1.00
5644,1.00
5896,1.00
5900,1.00
6274,0.52
6275,0.52
6278,0.54
6279,0.54
6280,0.78
6281,0.67
6282,0.67
6283,0.67
6284,1.00
6285,1.00
6286,1.00
6287,1.00
6288,1.00
6289,1.00
6290,1.00
6291,1.00
6292,1.00
6293,1.00
6294,1.00
6295,1.00
6296,1.00
6297,1.00
6298,1.00
6299,1.00
6300,1.00
6301,1.00
6302,1.00
6303,1.00
6530,0.52
6531,0.52
6534,0.54
6535,0.54
6536,0.78
6537,0.67
6538,0.67
6539,0.67
6540,1.00
6541,1.00
6542,1.00
6543,1.00
6544,1.00
6545,1.00
6546,1.00
6547,1.00
6548,1.00
6549,1.00
6550,1.00
6551,1.00
6552,1.00
6553,1.00
6554,1.00
6555,1.00
6556,1.00
6557,1.00
6558,1.00
6559,1.00
6662,0.51
6663,0.50
6666,0.51
6667,0.51
6668,0.62
6669,0.58
6670,0.61
6671,0.61
6672,0.80
6673,0.75
6674,0.67
6675,0.67
6676,0.70
6677,0.67
6680,0.80
6681,0.75
6682,0.67
6683,0.67
6684,0.70
6685,0.67
6721,1.00
6722,1.00
6723,1.00
6724,0.56
6725,1.00
6726,1.00
6727,1.00
6728,1.00
6729,1.00
6730,1.00
6731,1.00
6732,1.00
6733,1.00
6734,1.00
6735,1.00
6786,0.60
6787,0.60
6789,0.52
6790,0.64
6791,0.64
6792,0.75
6793,0.67
6794,0.67
6795,0.67
6796,1.00
6797,1.00
6798,1.00
6799,1.00
6800,1.00
6801,1.00
6802,1.00
6803,1.00
6804,1.00
6805,1.00
6806,1.00
6807,1.00
6808,1.00
6809,1.00
6810,1.00
6811,1.00
6812,1.00
6813,1.00
6814,1.00
6815,1.00
6918,0.51
6920,0.50
6922,0.51
6923,0.51
6924,0.63
6925,0.57
6926,0.61
6927,0.61
6928,0.85
6929,0.75
6930,0.67
6931,0.67
6932,0.75
6933,0.67
6936,0.85
6937,0.75
6938,0.67
6939,0.67
6940,0.75
6941,0.67
6977,1.00
6978,1.00
6979,1.00
6980,0.56
6981,1.00
6982,1.00
6983,1.00
6984,1.00
6985,1.00
6986,1.00
6987,1.00
6988,1.00
6989,1.00
6990,1.00
6991,1.00
7042,0.60
7043,0.60
7045,0.52
7046,0.64
7047,0.64
7048,0.75
7049,0.67
7050,0.67
7051,0.67
7052,1.00
7053,1.00
7054,1.00
7055,1.00
7056,1.00
7057,1.00
7058,1.00
7059,1.00
7060,1.00
7061,1.00
7062,1.00
7063,1.00
7064,1.00
7065,1.00
7066,1.00
7067,1.00
7068,1.00
7069,1.00
7070,1.00
7071,1.00
7688,1.00
7692,1.00
7944,1.00
7948,1.00
8203,0.53
8204,0.56
8208,0.57
8209,0.75
8212,0.71
8213,1.00
8214,1.00
8215,1.00
8216,0.57
8217,0.75
8220,0.71
8221,1.00
8222,1.00
8223,1.00
8225,0.56
8226,1.00
8227,1.00
8265,1.00
8288,0.59
8289,0.75
8290,1.00
8291,1.00
8326,0.54
8327,0.53
8328,0.52
8329,0.58
8330,0.59
8331,0.59
8332,0.83
8333,0.75
8336,0.67
8337,0.67
8340,1.00
8341,1.00
8342,1.00
8343,1.00
8344,0.67
8345,0.67
8348,1.00
8349,1.00
8350,1.00
8351,1.00
8353,0.57
8354,1.00
8355,1.00
8356,1.00
8393,1.00
8416,0.57
8417,0.75
8418,1.00
8419,1.00
8420,1.00
8460,0.57
8464,0.59
8465,1.00
8466,1.00
8467,1.00
8468,0.64
8469,1.00
8470,1.00
8471,1.00
8472,0.59
8473,1.00
8474,1.00
8475,1.00
8476,0.64
8477,1.00
8478,1.00
8479,1.00
8582,0.60
8583,0.60
8584,0.69
8585,0.63
8588,0.75
8592,1.00
8593,1.00
8594,1.00
8595,1.00
8596,1.00
8597,1.00
8598,1.00
8599,1.00
8600,1.00
8601,1.00
8602,1.00
8603,1.00
8604,1.00
8605,1.00
8606,1.00
8607,1.00
8712,0.59
8713,0.56
8714,0.52
8715,0.52
8716,0.71
8720,0.91
8721,1.00
8722,1.00
8723,1.00
8724,1.00
8725,1.00
8726,1.00
8727,1.00
8728,0.91
8729,1.00
8730,1.00
8731,1.00
8732,1.00
8733,1.00
8734,1.00
8735,1.00
8737,0.63
8738,1.00
8739,1.00
8800,0.56
8801,1.00
8802,1.00
8803,1.00
8838,0.51
8840,0.57
8841,0.63
8842,0.62
8843,0.62
8844,0.80
8845,0.75
8848,0.86
8849,1.00
8850,1.00
8851,1.00
8852,1.00
8853,1.00
8854,1.00
8855,1.00
8856,0.86
8857,1.00
8858,1.00
8859,1.00
8860,1.00
8861,1.00
8862,1.00
8863,1.00
8865,0.67
8866,1.00
8867,1.00
8900,1.00
8929,1.00
8930,1.00
8931,1.00
8968,0.60
8972,0.78
8976,1.00
8977,1.00
8978,1.00
8979,1.00
8980,1.00
8981,1.00
8982,1.00
8983,1.00
8984,1.00
8985,1.00
8986,1.00
8987,1.00
8988,1.00
8989,1.00
8990,1.00
8991,1.00
9094,0.60
9095,0.60
9096,0.57
9097,0.60
9100,0.67
9104,1.00
9105,1.00
9106,1.00
9107,1.00
9108,1.00
9109,1.00
9110,1.00
9111,1.00
9112,1.00
9113,1.00
9114,1.00
9115,1.00
9116,1.00
9117,1.00
9118,1.00
9119,1.00
9224,1.00
9228,1.00
9232,1.00
9236,1.00
9240,1.00
9244,1.00
9480,1.00
9484,1.00
9488,1.00
9492,1.00
9496,1.00
9500,1.00
9736,1.00
9740,1.00
9744,1.00
9748,1.00
9752,1.00
9756,1.00
9992,1.00
9996,1.00
10000,1.00
10004,1.00
10008,1.00
10012,1.00
10252,0.56
10256,0.57
10257,0.75
10260,0.71
10261,1.00
10262,1.00
10263,1.00
10264,0.57
10265,0.75
10268,0.71
10269,1.00
10270,1.00
10271,1.00
10273,0.56
10274,1.00
10275,1.00
10313,1.00
10336,0.59
10337,0.75
10338,1.00
10339,1.00
10374,0.54
10375,0.53
10376,0.52
10377,0.57
10378,0.56
10379,0.56
10380,0.83
10381,0.75
10384,0.67
10385,0.67
10388,1.00
10389,1.00
10390,1.00
10391,1.00
10392,0.67
10393,0.67
10396,1.00
10397,1.00
10398,1.00
10399,1.00
10400,0.53
10401,0.57
10402,1.00
10403,1.00
10404,1.00
10441,1.00
10464,0.57
10465,0.75
10466,1.00
10467,1.00
10468,1.00
10508,0.57
10512,0.59
10513,1.00
10514,1.00
10515,1.00
10516,0.64
10517,1.00
10518,1.00
10519,1.00
10520,0.59
10521,1.00
10522,1.00
10523,1.00
10524,0.64
10525,1.00
10526,1.00
10527,1.00
10630,0.60
10631,0.60
10632,0.69
10633,0.63
10636,0.75
10640,1.00
10641,1.00
10642,1.00
10643,1.00
10644,1.00
10645,1.00
10646,1.00
10647,1.00
10648,1.00
10649,1.00
10650,1.00
10651,1.00
10652,1.00
10653,1.00
10654,1.00
10655,1.00
10760,0.57
10761,0.54
10764,0.71
10768,0.90
10769,1.00
10770,1.00
10771,1.00
10772,1.00
10773,1.00
10774,1.00
10775,1.00
10776,0.90
10777,1.00
10778,1.00
10779,1.00
10780,1.00
10781,1.00
10782,1.00
10783,1.00
10785,0.63
10786,1.00
10787,1.00
10848,0.56
10849,1.00
10850,1.00
10851,1.00
10886,0.51
10888,0.57
10889,0.62
10890,0.58
10891,0.58
10892,0.80
10893,0.75
10896,0.86
10897,1.00
10898,1.00
10899,1.00
10900,1.00
10901,1.00
10902,1.00
10903,1.00
10904,0.86
10905,1.00
10906,1.00
10907,1.00
10908,1.00
10909,1.00
10910,1.00
10911,1.00
10913,0.67
10914,1.00
10915,1.00
10948,1.00
10977,1.00
10978,1.00
10979,1.00
11016,0.60
11020,0.78
11024,1.00
11025,1.00
11026,1.00
11027,1.00
11028,1.00
11029,1.00
11030,1.00
11031,1.00
11032,1.00
11033,1.00
11034,1.00
11035,1.00
11036,1.00
11037,1.00
11038,1.00
11039,1.00
11142,0.60
11143,0.60
11144,0.57
11145,0.60
11148,0.67
11152,1.00
11153,1.00
11154,1.00
11155,1.00
11156,1.00
11157,1.00
11158,1.00
11159,1.00
11160,1.00
11161,1.00
11162,1.00
11163,1.00
11164,1.00
11165,1.00
11166,1.00
11167,1.00
11272,1.00
11276,1.00
11280,1.00
11284,1.00
11288,1.00
11292,1.00
11528,1.00
11532,1.00
11536,1.00
11540,1.00
11544,1.00
11548,1.00
11784,1.00
11788,1.00
11792,1.00
11796,1.00
11800,1.00
11804,1.00
12040,1.00
12044,1.00
12048,1.00
12052,1.00
12056,1.00
12060,1.00
12300,0.59
12304,0.65
12305,1.00
12306,1.00
12307,1.00
12308,0.69
12309,1.00
12310,1.00
12311,1.00
12312,0.65
12313,1.00
12314,1.00
12315,1.00
12316,0.69
12317,1.00
12318,1.00
12319,1.00
12418,0.56
12419,0.56
12421,0.51
12422,0.61
12423,0.61
12424,1.00
12425,1.00
12426,1.00
12427,1.00
12428,1.00
12429,1.00
12430,1.00
12431,1.00
12432,1.00
12433,1.00
12434,1.00
12435,1.00
12436,1.00
12437,1.00
12438,1.00
12439,1.00
12440,1.00
12441,1.00
12442,1.00
12443,1.00
12444,1.00
12445,1.00
12446,1.00
12447,1.00
12556,0.60
12560,0.63
12561,1.00
12562,1.00
12563,1.00
12564,0.67
12565,1.00
12566,1.00
12567,1.00
12568,0.63
12569,1.00
12570,1.00
12571,1.00
12572,0.67
12573,1.00
12574,1.00
12575,1.00
12674,0.56
12675,0.56
12677,0.51
12678,0.61
12679,0.61
12680,1.00
12681,1.00
12682,1.00
12683,1.00
12684,1.00
12685,1.00
12686,1.00
12687,1.00
12688,1.00
12689,1.00
12690,1.00
12691,1.00
12692,1.00
12693,1.00
12694,1.00
12695,1.00
12696,1.00
12697,1.00
12698,1.00
12699,1.00
12700,1.00
12701,1.00
12702,1.00
12703,1.00
12806,0.53
12808,0.63
12812,0.88
12813,1.00
12814,1.00
12815,1.00
12816,1.00
12817,1.00
12818,1.00
12819,1.00
12820,1.00
12821,1.00
12822,1.00
12823,1.00
12824,1.00
12825,1.00
12826,1.00
12827,1.00
12828,1.00
12829,1.00
12830,1.00
12831,1.00
12929,0.55
12930,0.73
12931,0.73
12933,0.55
12934,0.73
12935,0.73
12936,1.00
12937,1.00
12938,1.00
12939,1.00
12940,1.00
12941,1.00
12942,1.00
12943,1.00
12944,1.00
12945,1.00
12946,1.00
12947,1.00
12948,1.00
12949,1.00
12950,1.00
12951,1.00
12952,1.00
12953,1.00
12954,1.00
12955,1.00
12956,1.00
12957,1.00
12958,1.00
12959,1.00
13062,0.53
13064,0.60
13068,0.86
13069,1.00
13070,1.00
13071,1.00
13072,1.00
13073,1.00
13074,1.00
13075,1.00
13076,1.00
13077,1.00
13078,1.00
13079,1.00
13080,1.00
13081,1.00
13082,1.00
13083,1.00
13084,1.00
13085,1.00
13086,1.00
13087,1.00
13185,0.55
13186,0.73
13187,0.73
13189,0.55
13190,0.73
13191,0.73
13192,1.00
13193,1.00
13194,1.00
13195,1.00
13196,1.00
13197,1.00
13198,1.00
13199,1.00
13200,1.00
13201,1.00
13202,1.00
13203,1.00
13204,1.00
13205,1.00
13206,1.00
13207,1.00
13208,1.00
13209,1.00
13210,1.00
13211,1.00
13212,1.00
13213,1.00
13214,1.00
13215,1.00
13320,1.00
13324,1.00
13328,1.00
13332,1.00
13336,1.00
13340,1.00
13576,1.00
13580,1.00
13584,1.00
13588,1.00
13592,1.00
13596,1.00
14348,0.59
14352,0.65
14353,1.00
14354,1.00
14355,1.00
14356,0.69
14357,1.00
14358,1.00
14359,1.00
14360,0.65
14361,1.00
14362,1.00
14363,1.00
14364,0.69
14365,1.00
14366,1.00
14367,1.00
14466,0.56
14467,0.56
14469,0.51
14470,0.61
14471,0.61
14472,1.00
14473,1.00
14474,1.00
14475,1.00
14476,1.00
14477,1.00
14478,1.00
14479,1.00
14480,1.00
14481,1.00
14482,1.00
14483,1.00
14484,1.00
14485,1.00
14486,1.00
14487,1.00
14488,1.00
14489,1.00
14490,1.00
14491,1.00
14492,1.00
14493,1.00
14494,1.00
14495,1.00
14604,0.60
14608,0.63
14609,1.00
14610,1.00
14611,1.00
14612,0.67
14613,1.00
14614,1.00
14615,1.00
14616,0.63
14617,1.00
14618,1.00
14619,1.00
14620,0.67
14621,1.00
14622,1.00
14623,1.00
14722,0.56
14723,0.56
14725,0.51
14726,0.61
14727,0.61
14728,1.00
14729,1.00
14730,1.00
14731,1.00
14732,1.00
14733,1.00
14734,1.00
14735,1.00
14736,1.00
14737,1.00
14738,1.00
14739,1.00
14740,1.00
14741,1.00
14742,1.00
14743,1.00
14744,1.00
14745,1.00
14746,1.00
14747,1.00
14748,1.00
14749,1.00
14750,1.00
14751,1.00
14854,0.53
14856,0.63
14860,0.88
14861,1.00
14862,1.00
14863,1.00
14864,1.00
14865,1.00
14866,1.00
14867,1.00
14868,1.00
14869,1.00
14870,1.00
14871,1.00
14872,1.00
14873,1.00
14874,1.00
14875,1.00
14876,1.00
14877,1.00
14878,1.00
14879,1.00
14977,0.55
14978,0.73
14979,0.73
14981,0.55
14982,0.73
14983,0.73
14984,1.00
14985,1.00
14986,1.00
14987,1.00
14988,1.00
14989,1.00
14990,1.00
14991,1.00
14992,1.00
14993,1.00
14994,1.00
14995,1.00
14996,1.00
14997,1.00
14998,1.00
14999,1.00
15000,1.00
15001,1.00
15002,1.00
15003,1.00
15004,1.00
15005,1.00
15006,1.00
15007,1.00
15110,0.53
15112,0.60
15116,0.86
15117,1.00
15118,1.00
15119,1.00
15120,1.00
15121,1.00
15122,1.00
15123,1.00
15124,1.00
15125,1.00
15126,1.00
15127,1.00
15128,1.00
15129,1.00
15130,1.00
15131,1.00
15132,1.00
15133,1.00
15134,1.00
15135,1.00
15233,0.55
15234,0.73
15235,0.73
15237,0.55
15238,0.73
15239,0.73
15240,1.00
15241,1.00
15242,1.00
15243,1.00
15244,1.00
15245,1.00
15246,1.00
15247,1.00
15248,1.00
15249,1.00
15250,1.00
15251,1.00
15252,1.00
15253,1.00
15254,1.00
15255,1.00
15256,1.00
15257,1.00
15258,1.00
15259,1.00
15260,1.00
15261,1.00
15262,1.00
15263,1.00
15368,1.00
15372,1.00
15376,1.00
15380,1.00
15384,1.00
15388,1.00
15624,1.00
15628,1.00
15632,1.00
15636,1.00
15640,1.00
15644,1.00
16904,0.67
16905,0.57
16906,0.67
16907,0.67
16908,1.00
16909,1.00
16910,1.00
16911,1.00
17157,0.67
17160,0.57
17164,1.00
17165,1.00
17166,1.00
17167,1.00
18952,0.67
18953,0.57
18954,0.67
18955,0.67
18956,1.00
18957,1.00
18958,1.00
18959,1.00
19205,0.67
19208,0.57
19212,1.00
19213,1.00
19214,1.00
19215,1.00
20997,0.67
21000,0.67
21001,0.57
21002,0.67
21003,0.67
21004,1.00
21005,1.00
21006,1.00
21007,1.00
21253,0.67
21256,0.57
21260,1.00
21261,1.00
21262,1.00
21263,1.00
23045,0.67
23048,0.67
23049,0.57
23050,0.67
23051,0.67
23052,1.00
23053,1.00
23054,1.00
23055,1.00
23301,0.67
23304,0.57
23308,1.00
23309,1.00
23310,1.00
23311,1.00
32900,0.73
32901,0.70
32902,0.68
32903,0.68
32904,0.56
32905,0.58
32906,0.60
32907,0.60
32908,1.00
32909,1.00
32910,1.00
32911,1.00
32912,0.63
32916,1.00
32917,1.00
32920,0.63
32924,1.00
32925,1.00
32993,0.60
32994,0.67
32995,0.67
33152,0.52
33153,0.54
33154,0.56
33155,0.56
33156,0.67
33157,0.60
33158,0.60
33159,0.60
33160,0.66
33161,0.69
33162,0.66
33163,0.66
33164,1.00
33165,1.00
33166,1.00
33167,1.00
33292,0.55
33293,0.55
33294,0.62
33295,0.62
33296,0.56
33297,0.58
33300,1.00
33301,1.00
33304,0.56
33305,0.58
33308,1.00
33309,1.00
33348,0.57
33349,0.67
33350,0.67
33351,0.67
33412,0.79
33413,0.75
33414,0.73
33415,0.73
33416,0.58
33417,0.59
33418,0.59
33419,0.59
33420,1.00
33421,1.00
33422,1.00
33423,1.00
33424,0.67
33428,1.00
33429,1.00
33432,0.67
33436,1.00
33437,1.00
33504,0.63
33505,0.75
33506,0.67
33507,0.67
33546,0.51
33547,0.51
33548,0.62
33549,0.59
33550,0.65
33551,0.65
33600,1.00
33601,1.00
33602,1.00
33603,1.00
33604,1.00
33605,1.00
33606,1.00
33607,1.00
33608,1.00
33609,1.00
33610,1.00
33611,1.00
33612,1.00
33613,1.00
33614,1.00
33615,1.00
33664,0.51
33665,0.53
33666,0.54
33667,0.54
33668,0.75
33669,0.67
33670,0.67
33671,0.67
33672,0.67
33673,0.68
33674,0.65
33675,0.65
33676,1.00
33677,1.00
33678,1.00
33679,1.00
34304,1.00
34308,1.00
34312,1.00
34316,1.00
34560,1.00
34564,1.00
34568,1.00
34572,1.00
34948,0.71
34949,0.68
34950,0.67
34951,0.67
34952,0.55
34953,0.58
34954,0.60
34955,0.60
34956,1.00
34957,1.00
34958,1.00
34959,1.00
34960,0.83
34961,0.75
34962,1.00
34963,1.00
34964,1.00
34965,1.00
34968,0.83
34969,0.75
34970,1.00
34971,1.00
34972,1.00
34973,1.00
35041,0.60
35042,0.67
35043,0.67
35200,0.52
35201,0.54
35202,0.56
35203,0.56
35204,0.67
35205,0.60
35206,0.60
35207,0.60
35208,0.66
35209,0.69
35210,0.66
35211,0.66
35212,1.00
35213,1.00
35214,1.00
35215,1.00
35340,0.54
35341,0.53
35342,0.60
35343,0.60
35344,0.67
35345,0.78
35346,0.67
35347,0.67
35348,1.00
35349,1.00
35352,0.67
35353,0.78
35354,0.67
35355,0.67
35356,1.00
35357,1.00
35396,0.57
35397,0.67
35398,0.67
35399,0.67
35460,0.77
35461,0.73
35462,0.70
35463,0.70
35464,0.58
35465,0.60
35466,0.59
35467,0.59
35468,1.00
35469,1.00
35470,1.00
35471,1.00
35472,1.00
35473,1.00
35474,1.00
35475,1.00
35476,1.00
35477,1.00
35480,1.00
35481,1.00
35482,1.00
35483,1.00
35484,1.00
35485,1.00
35552,0.63
35553,0.75
35554,0.67
35555,0.67
35594,0.51
35595,0.51
35596,0.62
35597,0.59
35598,0.65
35599,0.65
35648,1.00
35649,1.00
35650,1.00
35651,1.00
35652,1.00
35653,1.00
35654,1.00
35655,1.00
35656,1.00
35657,1.00
35658,1.00
35659,1.00
35660,1.00
35661,1.00
35662,1.00
35663,1.00
35712,0.51
35713,0.53
35714,0.54
35715,0.54
35716,0.75
35717,0.67
35718,0.67
35719,0.67
35720,0.67
35721,0.68
35722,0.65
35723,0.65
35724,1.00
35725,1.00
35726,1.00
35727,1.00
36352,1.00
36356,1.00
36360,1.00
36364,1.00
36608,1.00
36612,1.00
36616,1.00
36620,1.00
36992,0.60
36996,0.60
37000,0.67
37001,0.60
37002,0.60
37003,0.60
37004,1.00
37005,1.00
37006,1.00
37007,1.00
37248,0.60
37252,0.60
37256,0.67
37257,0.60
37258,0.60
37259,0.60
37260,1.00
37261,1.00
37262,1.00
37263,1.00
37380,0.51
37386,0.51
37387,0.51
37388,0.60
37389,0.59
37390,0.64
37391,0.64
37440,1.00
37441,1.00
37442,1.00
37443,1.00
37444,1.00
37445,1.00
37446,1.00
37447,1.00
37448,1.00
37449,1.00
37450,1.00
37451,1.00
37452,1.00
37453,1.00
37454,1.00
37455,1.00
37508,0.67
37512,0.67
37516,1.00
37517,1.00
37518,1.00
37519,1.00
37636,0.51
37642,0.51
37643,0.51
37644,0.61
37645,0.59
37646,0.65
37647,0.65
37696,1.00
37697,1.00
37698,1.00
37699,1.00
37700,1.00
37701,1.00
37702,1.00
37703,1.00
37704,1.00
37705,1.00
37706,1.00
37707,1.00
37708,1.00
37709,1.00
37710,1.00
37711,1.00
37764,0.67
37768,0.67
37772,1.00
37773,1.00
37774,1.00
37775,1.00
38400,1.00
38404,1.00
38408,1.00
38412,1.00
38656,1.00
38660,1.00
38664,1.00
38668,1.00
39040,0.60
39044,0.60
39048,0.67
39049,0.60
39050,0.60
39051,0.60
39052,1.00
39053,1.00
39054,1.00
39055,1.00
39296,0.60
39300,0.60
39304,0.67
39305,0.60
39306,0.60
39307,0.60
39308,1.00
39309,1.00
39310,1.00
39311,1.00
39428,0.51
39434,0.51
39435,0.51
39436,0.60
39437,0.59
39438,0.64
39439,0.64
39488,1.00
39489,1.00
39490,1.00
39491,1.00
39492,1.00
39493,1.00
39494,1.00
39495,1.00
39496,1.00
39497,1.00
39498,1.00
39499,1.00
39500,1.00
39501,1.00
39502,1.00
39503,1.00
39556,0.67
39560,0.67
39564,1.00
39565,1.00
39566,1.00
39567,1.00
39684,0.51
39690,0.51
39691,0.51
39692,0.61
39693,0.59
39694,0.65
39695,0.65
39744,1.00
39745,1.00
39746,1.00
39747,1.00
39748,1.00
39749,1.00
39750,1.00
39751,1.00
39752,1.00
39753,1.00
39754,1.00
39755,1.00
39756,1.00
39757,1.00
39758,1.00
39759,1.00
39812,0.67
39816,0.67
39820,1.00
39821,1.00
39822,1.00
39823,1.00
40448,1.00
40452,1.00
40456,1.00
40460,1.00
40704,1.00
40708,1.00
40712,1.00
40716,1.00
40964,0.82
40965,0.71
40970,0.60
40971,0.60
40972,1.00
40973,1.00
40976,0.75
40977,1.00
40980,1.00
40981,1.00
40984,0.75
40985,1.00
40988,1.00
40989,1.00
40993,0.56
40994,1.00
40995,1.00
41033,1.00
41057,0.75
41058,1.00
41059,1.00
41092,0.83
41093,0.75
41094,0.67
41095,0.67
41097,0.54
41098,0.58
41099,0.58
41100,1.00
41101,1.00
41104,1.00
41105,1.00
41108,1.00
41109,1.00
41112,1.00
41113,1.00
41116,1.00
41117,1.00
41121,0.57
41122,1.00
41123,1.00
41161,1.00
41185,0.75
41186,1.00
41187,1.00
41220,0.67
41228,1.00
41352,0.67
41353,0.75
41356,1.00
41476,0.86
41477,0.75
41480,0.54
41481,0.61
41482,0.67
41483,0.67
41484,1.00
41485,1.00
41488,1.00
41489,1.00
41492,1.00
41493,1.00
41496,1.00
41497,1.00
41500,1.00
41501,1.00
41505,0.63
41506,1.00
41507,1.00
41568,0.67
41569,1.00
41570,1.00
41571,1.00
41604,1.00
41605,1.00
41606,1.00
41607,1.00
41608,0.57
41609,0.61
41610,0.67
41611,0.67
41612,1.00
41613,1.00
41616,1.00
41617,1.00
41620,1.00
41621,1.00
41624,1.00
41625,1.00
41628,1.00
41629,1.00
41633,0.67
41634,1.00
41635,1.00
41696,0.67
41697,1.00
41698,1.00
41699,1.00
41732,0.75
41736,0.67
41737,0.67
41738,1.00
41739,1.00
41740,1.00
41860,1.00
41864,0.75
41865,1.00
41866,1.00
41867,1.00
41868,1.00
43012,0.82
43013,0.71
43018,0.54
43019,0.54
43020,1.00
43021,1.00
43024,0.75
43025,1.00
43028,1.00
43029,1.00
43032,0.75
43033,1.00
43036,1.00
43037,1.00
43041,0.56
43042,1.00
43043,1.00
43081,1.00
43105,0.75
43106,1.00
43107,1.00
43140,0.83
43141,0.75
43142,0.67
43143,0.67
43145,0.52
43148,1.00
43149,1.00
43152,1.00
43153,1.00
43156,1.00
43157,1.00
43160,1.00
43161,1.00
43164,1.00
43165,1.00
43169,0.57
43170,1.00
43171,1.00
43209,1.00
43233,0.75
43234,1.00
43235,1.00
43268,0.67
43276,1.00
43400,0.67
43401,0.75
43404,1.00
43524,0.86
43525,0.75
43528,0.51
43529,0.58
43530,0.60
43531,0.60
43532,1.00
43533,1.00
43536,1.00
43537,1.00
43540,1.00
43541,1.00
43544,1.00
43545,1.00
43548,1.00
43549,1.00
43552,0.55
43553,0.63
43554,1.00
43555,1.00
43616,0.67
43617,1.00
43618,1.00
43619,1.00
43652,1.00
43653,1.00
43654,1.00
43655,1.00
43656,0.54
43657,0.60
43658,0.57
43659,0.57
43660,1.00
43661,1.00
43664,1.00
43665,1.00
43668,1.00
43669,1.00
43672,1.00
43673,1.00
43676,1.00
43677,1.00
43680,0.56
43681,0.67
43682,1.00
43683,1.00
43744,0.67
43745,1.00
43746,1.00
43747,1.00
43780,0.75
43784,0.67
43785,0.67
43786,1.00
43787,1.00
43788,1.00
43908,1.00
43912,0.75
43913,1.00
43914,1.00
43915,1.00
43916,1.00
45060,0.67
45068,1.00
45184,0.67
45192,1.00
45196,1.00
45316,0.67
45324,1.00
45440,0.67
45448,1.00
45452,1.00
45572,0.75
45576,1.00
45580,1.00
45696,1.00
45700,1.00
45704,1.00
45708,1.00
45828,0.75
45832,1.00
45836,1.00
45952,1.00
45956,1.00
45960,1.00
45964,1.00
47108,0.67
47116,1.00
47232,0.67
47240,1.00
47244,1.00
47364,0.67
47372,1.00
47488,0.67
47496,1.00
47500,1.00
47620,0.75
47624,1.00
47628,1.00
47744,1.00
47748,1.00
47752,1.00
47756,1.00
47876,0.75
47880,1.00
47884,1.00
48000,1.00
48004,1.00
48008,1.00
48012,1.00
49201,0.51
49209,0.51
49457,0.53
49461,0.53
49463,0.52
49465,0.53
49469,0.53
49471,0.52
49664,0.67
49665,0.67
49666,1.00
49667,1.00
49668,1.00
49669,1.00
49670,1.00
49671,1.00
49672,0.60
49673,0.60
49674,1.00
49675,1.00
49676,1.00
49677,1.00
49678,1.00
49679,1.00
49922,1.00
49923,1.00
49924,1.00
49925,1.00
49926,1.00
49927,1.00
49930,1.00
49931,1.00
49932,1.00
49933,1.00
49934,1.00
49935,1.00
50225,0.51
50233,0.51
50481,0.53
50485,0.53
50487,0.52
50489,0.53
50493,0.53
50495,0.52
51249,0.51
51257,0.51
51505,0.53
51509,0.53
51511,0.52
51513,0.53
51517,0.53
51519,0.52
51712,0.67
51713,0.67
51714,1.00
51715,1.00
51716,1.00
51717,1.00
51718,1.00
51719,1.00
51720,0.60
51721,0.60
51722,1.00
51723,1.00
51724,1.00
51725,1.00
51726,1.00
51727,1.00
51970,1.00
51971,1.00
51972,1.00
51973,1.00
51974,1.00
51975,1.00
51978,1.00
51979,1.00
51980,1.00
51981,1.00
51982,1.00
51983,1.00
52273,0.51
52281,0.51
52529,0.53
52533,0.53
52535,0.52
52537,0.53
52541,0.53
52543,0.52
53553,0.53
53557,0.53
53559,0.52
53561,0.53
53565,0.53
53567,0.52
53760,0.60
53761,0.60
53762,1.00
53763,1.00
53764,1.00
53765,1.00
53766,1.00
53767,1.00
53768,0.60
53769,0.60
53770,1.00
53771,1.00
53772,1.00
53773,1.00
53774,1.00
53775,1.00
54018,1.00
54019,1.00
54020,1.00
54021,1.00
54022,1.00
54023,1.00
54026,1.00
54027,1.00
54028,1.00
54029,1.00
54030,1.00
54031,1.00
54577,0.53
54581,0.53
54583,0.52
54585,0.53
54589,0.53
54591,0.52
55601,0.53
55605,0.53
55607,0.52
55609,0.53
55613,0.53
55615,0.52
55808,0.60
55809,0.60
55810,1.00
55811,1.00
55812,1.00
55813,1.00
55814,1.00
55815,1.00
55816,0.60
55817,0.60
55818,1.00
55819,1.00
55820,1.00
55821,1.00
55822,1.00
55823,1.00
56066,1.00
56067,1.00
56068,1.00
56069,1.00
56070,1.00
56071,1.00
56074,1.00
56075,1.00
56076,1.00
56077,1.00
56078,1.00
56079,1.00
56625,0.53
56629,0.53
56631,0.52
56633,0.53
56637,0.53
56639,0.52
66049,0.53
66054,0.53
66055,0.53
66056,0.61
66057,0.73
66058,0.67
66059,0.67
66060,0.64
66061,0.75
66062,0.71
66063,0.71
66305,0.57
66306,0.56
66307,0.56
66309,0.53
66310,0.57
66311,0.57
66312,0.71
66313,0.78
66314,0.71
66315,0.71
66316,0.86
66317,0.83
66318,0.80
66319,0.80
66320,1.00
66328,1.00
66432,1.00
66436,1.00
68097,0.53
68102,0.53
68103,0.53
68104,0.61
68105,0.73
68106,0.67
68107,0.67
68108,0.64
68109,0.75
68110,0.71
68111,0.71
68353,0.57
68354,0.56
68355,0.56
68357,0.53
68358,0.57
68359,0.57
68360,0.71
68361,0.78
68362,0.71
68363,0.71
68364,0.86
68365,0.83
68366,0.80
68367,0.80
68368,1.00
68376,1.00
68480,1.00
68484,1.00
70145,0.60
70146,0.60
70147,0.60
70149,0.59
70150,0.62
70151,0.62
70152,0.60
70153,0.78
70154,0.71
70155,0.71
70156,0.67
70157,0.83
70158,0.80
70159,0.80
70272,1.00
70276,1.00
70401,0.60
70402,0.60
70403,0.60
70405,0.59
70406,0.62
70407,0.62
70408,0.69
70409,0.78
70410,0.71
70411,0.71
70412,0.86
70413,0.83
70414,0.80
70415,0.80
70416,1.00
70424,1.00
70528,1.00
70532,1.00
72193,0.60
72194,0.60
72195,0.60
72197,0.59
72198,0.62
72199,0.62
72200,0.60
72201,0.78
72202,0.71
72203,0.71
72204,0.67
72205,0.83
72206,0.80
72207,0.80
72320,1.00
72324,1.00
72449,0.60
72450,0.60
72451,0.60
72453,0.59
72454,0.62
72455,0.62
72456,0.69
72457,0.78
72458,0.71
72459,0.71
72460,0.86
72461,0.83
72462,0.80
72463,0.80
72464,1.00
72472,1.00
72576,1.00
72580,1.00
73740,0.67
73996,0.67
74624,1.00
74628,1.00
74760,1.00
74764,1.00
75016,1.00
75020,1.00
75788,0.67
76044,0.67
76672,1.00
76676,1.00
76808,1.00
76812,1.00
77064,1.00
77068,1.00
77832,0.67
77836,1.00
77840,1.00
77844,1.00
77848,1.00
77852,1.00
78088,0.67
78092,1.00
78096,1.00
78100,1.00
78104,1.00
78108,1.00
78464,1.00
78468,1.00
78720,1.00
78724,1.00
78856,1.00
78860,1.00
79112,1.00
79116,1.00
79880,0.67
79884,1.00
79888,1.00
79892,1.00
79896,1.00
79900,1.00
80136,0.67
80140,1.00
80144,1.00
80148,1.00
80152,1.00
80156,1.00
80512,1.00
80516,1.00
80768,1.00
80772,1.00
80904,1.00
80908,1.00
81160,1.00
81164,1.00
82433,1.00
82440,1.00
82441,1.00
82444,1.00
82689,1.00
82696,1.00
82697,1.00
82700,1.00
84481,1.00
84488,1.00
84489,1.00
84492,1.00
84737,1.00
84744,1.00
84745,1.00
84748,1.00
86529,1.00
86536,1.00
86537,1.00
86540,1.00
86785,1.00
86792,1.00
86793,1.00
86796,1.00
88577,1.00
88584,1.00
88585,1.00
88588,1.00
88833,1.00
88840,1.00
88841,1.00
88844,1.00
98824,0.63
98825,0.63
98826,0.57
98827,0.57
100872,0.63
100873,0.63
100874,0.57
100875,0.57
114993,0.52
114994,0.53
114997,0.52
114998,0.53
115001,0.52
115002,0.53
115005,0.52
115006,0.53
115058,0.53
115062,0.53
115066,0.53
115070,0.53
116017,0.52
116018,0.53
116021,0.52
116022,0.53
116025,0.52
116026,0.53
116029,0.52
116030,0.53
116082,0.53
116086,0.53
116090,0.53
116094,0.53
117041,0.52
117042,0.53
117045,0.52
117046,0.53
117049,0.52
117050,0.53
117053,0.52
117054,0.53
117106,0.53
117110,0.53
117114,0.53
117118,0.53
118065,0.52
118066,0.53
118069,0.52
118070,0.53
118073,0.52
118074,0.53
118077,0.52
118078,0.53
118130,0.53
118134,0.53
118138,0.53
118142,0.53
119089,0.52
119090,0.53
119093,0.52
119094,0.53
119097,0.52
119098,0.53
119101,0.52
119102,0.53
119154,0.53
119158,0.53
119162,0.53
119166,0.53
120113,0.52
120114,0.53
120117,0.52
120118,0.53
120121,0.52
120122,0.53
120125,0.52
120126,0.53
120178,0.53
120182,0.53
120186,0.53
120190,0.53
121137,0.52
121138,0.53
121141,0.52
121142,0.53
121145,0.52
121146,0.53
121149,0.52
121150,0.53
121202,0.53
121206,0.53
121210,0.53
121214,0.53
122161,0.52
122162,0.53
122165,0.52
122166,0.53
122169,0.52
122170,0.53
122173,0.52
122174,0.53
122226,0.53
122230,0.53
122234,0.53
122238,0.53
